SKEENA TYEE TEST COHO INDEX ,,,,,,,"1956-2021 data emailed by R. Whitmore, 24 May 2022; data are accessed on web: https://www-ops2.pac.dfo-mpo.gc.ca/fos2_Internet/Testfish/rptDTFDTyeeParm.cfm?fsub_id=585",,,,,,,,,,,,,,,,,,,,,,,,,,,,,,,,,,,,,,,,,,,,,,,,,,,,,,,,,,,,,
STAT WEEK ('01),MONTH,DAY,1956,1957,1958,1959,1960,1961,1962,1963,1964,1965,1966,1967,1968,1969,1970,1971,1972,1973,1974,1975,1976,1977,1978,1979,1980,1981,1982,1983,1984,1985,1986,1987,1988,1989,1990,1991,1992,1993,1994,1995,1996,1997,1998,1999,2000,2001,2002,2003,2004,2005,2006,2007,2008,2009,2010,2011,2012,2013,2014,2015,2016,2017,2018,2019,2020,2021
61,6,3,NA,0,NA,NA,NA,NA,NA,NA,NA,NA,NA,NA,NA,NA,NA,NA,NA,NA,NA,NA,NA,NA,NA,NA,NA,NA,NA,NA,NA,NA,NA,NA,NA,NA,NA,NA,NA,NA,NA,NA,NA,NA,NA,NA,NA,NA,NA,NA,NA,NA,NA,NA,NA,NA,NA,NA,NA,NA,NA,NA,NA,NA,NA,NA,NA,NA
61,6,4,NA,0,NA,NA,NA,NA,NA,NA,NA,NA,NA,NA,NA,NA,NA,NA,NA,NA,NA,NA,NA,NA,NA,NA,NA,NA,NA,NA,NA,NA,NA,NA,NA,NA,NA,NA,NA,NA,NA,NA,NA,NA,NA,NA,NA,NA,NA,NA,NA,NA,NA,NA,NA,NA,NA,NA,NA,NA,NA,NA,NA,NA,NA,NA,NA,NA
61,6,5,NA,0,NA,NA,NA,NA,NA,NA,NA,NA,NA,NA,NA,NA,NA,NA,NA,NA,NA,NA,NA,NA,NA,NA,NA,NA,NA,NA,NA,NA,NA,NA,NA,NA,NA,NA,NA,NA,NA,NA,NA,NA,NA,NA,NA,NA,NA,NA,NA,NA,NA,NA,NA,NA,NA,NA,NA,NA,NA,NA,NA,NA,NA,NA,NA,NA
61,6,6,0,0,NA,NA,NA,NA,NA,NA,NA,NA,NA,NA,NA,NA,NA,NA,NA,NA,NA,NA,NA,NA,NA,NA,NA,NA,NA,NA,NA,NA,NA,NA,NA,NA,NA,NA,NA,0,NA,NA,NA,NA,NA,NA,NA,NA,NA,NA,NA,NA,NA,NA,NA,NA,NA,NA,NA,NA,NA,NA,NA,NA,NA,NA,NA,NA
61,6,7,0,0,NA,NA,NA,NA,NA,NA,NA,NA,NA,NA,NA,NA,NA,NA,NA,NA,NA,NA,NA,NA,NA,NA,NA,NA,NA,NA,NA,NA,NA,NA,NA,NA,NA,NA,NA,0,NA,NA,NA,NA,NA,NA,NA,NA,NA,NA,NA,NA,NA,NA,NA,NA,NA,NA,NA,NA,NA,NA,NA,NA,NA,NA,NA,NA
61,6,8,0,0,NA,NA,NA,NA,NA,NA,NA,NA,NA,NA,NA,NA,NA,NA,NA,NA,NA,NA,NA,NA,NA,NA,NA,NA,NA,NA,NA,NA,NA,0,0,0,NA,0,0,0,NA,NA,NA,NA,NA,0,NA,NA,0,0,NA,NA,NA,NA,NA,NA,NA,NA,NA,NA,NA,NA,NA,NA,NA,NA,NA,NA
61,6,9,0,0,NA,NA,NA,NA,NA,NA,NA,0,NA,NA,NA,NA,NA,NA,NA,NA,NA,NA,NA,NA,NA,NA,NA,NA,NA,NA,NA,NA,0,0,0,0,NA,0,0,0,NA,NA,NA,NA,NA,0,NA,NA,0,0,0,NA,NA,NA,NA,NA,NA,NA,NA,NA,NA,NA,NA,NA,NA,NA,NA,NA
62,6,10,0,0,NA,NA,NA,NA,NA,NA,NA,0,NA,NA,NA,NA,NA,NA,NA,NA,NA,NA,NA,NA,NA,NA,NA,NA,NA,NA,NA,NA,0,0,0,0,0,0,0,0,NA,NA,NA,0,0,0,0,0,0,0,0,0,0,NA,0,0,0,0,0,0,0,0,0,0,0,0,0,0
62,6,11,0,0,NA,NA,NA,0,0,NA,NA,0,NA,NA,NA,NA,NA,NA,NA,NA,NA,NA,NA,NA,NA,0,NA,NA,0,NA,0,0,0,0,0,0,0,0,0,0,NA,NA,NA,0,0,0,0,0,0,0,0,0,0,NA,0,0,0,0,0,0,0,0,0,0,0,0,0,0
62,6,12,0,0,NA,NA,0,0,0,NA,NA,0,NA,NA,NA,NA,NA,NA,NA,NA,NA,NA,NA,NA,0,0,0,0,0,0,0,0,0,0,0,0,0,0,0,0,0,0,0,0,0,0,0,0,0,0,0,0,0,NA,0,0,0,0,0,0,0,0,0,0,0,0,0,0
62,6,13,0,0,NA,NA,0,0,0,NA,NA,0,NA,0,NA,0,0,0,NA,0,NA,NA,0,0,0,0,0,0,0,0,0,0,0,0,0,0,0,0,0,0,0,0,0,0,0,0,0,0,0,0,0,0,0,NA,0,0,0,0,0,0,0,0,0,0,0,0,0,0
62,6,14,0,0,NA,NA,0,0,0,NA,0,0,0,0,NA,0,0,0,NA,0,NA,NA,0,0,0,0,0,0,0,0,0,0,0,0,0,0,0,0,0,0,0,0,0,0,0,0,0,0,0,0,0,0,0,NA,0,0,0,0,0,0,0,0,0,0,0,0,0,0
62,6,15,0,0,NA,0,0,0,0,NA,0,0,0,0,0,0,0,0,0,0,NA,NA,0,0,0,0,0,0,0,0,0,0,0,0,0,0,0,0,0,0,0,0,0,0,0,0,0,0,0,0,0,0,0,0,0,0,0,0,0,0,0,0,0,0,0,0,0,0
62,6,16,0,0,0,0,0,0,0,NA,0,0,0,0,0,0,0,0,0,0,NA,0,0,0,0,0,0,0,0,0,0,0,0,0,0,0,0,0,0,0,0,0,0,0,0,0,0,0,0,0,0,0,0,0,0,0,0,0,0,0,0,0,0,0,0,0,0,0
63,6,17,0,0,0,0,0,0,0,0,0,0,0,0,0,0,0,0,0,0,0,0,0,0,0,0,0,0,0,0,0,0,0,0,0,0,0,0,0,0,0,0,0,0,0,0,0,0,0,0,0,0,0,0,0,0,0,0,0,0,0,0,0,0,0,0,0,0
63,6,18,0,0,0,0,0,0,0,0,0,0,0,0,0,0,0,0,0,0,0,0,0,0,0,0,0,0,0,0,0,0,0,0,0,0,0,0,0,0,0,0,0,0,0,0,0,0,0,0,0,0,0,0,0,0,0,0,0,0,0,0,0,0,0,0,0,0
63,6,19,0,0,0,0,0,0,0,0,0,0,0,0,0,0,0,0,0,0,0,0,0,0,0,0,0,0,0,0,0,0,0,0,0,0,0,0,0,0,0,0,0,0,0,0,0,0,0,0,0,0,0,0,0,0,0,0,0,0,0,0,0,0,0,0,0,0
63,6,20,0,0,0,0,0,0,0,0,0,0,0,0,0,0,0,0,0,0,0,0,0,0,0,0,0,0,0,0,0,0,0,0,0,0,0,0,0,0,0,0,0,0,0,0,0,0,0,0,0,0,0,0,0,0,0,0,0,0,0,0,0,0,0,0,0,0
63,6,21,0,0,0,0,0,0,0,0,0,0,0,0,0,0,0,0,0,0,0,0,0,0,0,0,0,0,0,0,0,0,0,0,0,0,0,0,0,0,0,0,0,0,0,0,0,0,0,0,0,0,0,0,0,0,0,0,0,0,0,0,0,0,0,0,0,0
63,6,22,0,0,0,0,0,0,0,0,0,0,0,0,0,0,0,0,0,0,0,0,0,0,0,0,0,0,0,0,0,0,0,0,0,0,0,0,0,0,0,0,0,0,0,0,0,0,0,0,0,0,0,0,0,0,0,0,0,0,0,0,0,0,0,0,0,0
63,6,23,0,0,0,0,0,0,0,0,0,0,0,0,0,0,0,0,0,0,0,0,0,0,0,0,0,0,0,0,0,0,0,0,0,0,0,0,0,0,0,0,0,0,0,0,0,0,0,0,0,0,0,0,0,0,0,0,0,0,0,0,0,0,0,0,0,0
64,6,24,0,0,0,0,0,0,0,0,0,0,0,0,0,0,0,0,0,0,0,0,0,0,0,0,0,0,0,0,0,0,0,0,0,0,0,0,0,0,0,0,0,0,0,0,0,0,0,0,0,0,0,0,0,0,0,0,0,0,0,0,0,0,0,0,0,0
64,6,25,0,0,0,0,0,0,0,0,0,0,0,0,0,0,0,0,0,0,0,0,0,0,0,0,0,0,0,0,0,0,0,0,0,0,0,0,0,0,0,0,0,0,0,0,0,0,0,0,0,0,0,0,0,0,0,0,0,0,0,0,0,0,0,0,0,0
64,6,26,0,0,0,0,0,0,0,0,0,0,0,0,0,0,0,0,0,0,0,0,0,0,0,0,0,0,0,0,0,0,0,0,0,0,0,0,0,0,0,0,0,0,0,0,0,0,0,0,0,0,0,0,0,0,0,0,0,0,0,0,0,0,0,0,0,0
64,6,27,0,0,0,0,0,0,0,0,0,0,0,0,0,0,0,0,0,0,0,0,0,0,0,0,0,0,0,0,0,0,0,0,0,0,0,0,0,0,0,0,0,0,0,0,0,0,0,0,0,0,0,0,0,0,0,0,0,0,0,0,0,0,0,0,0,0
64,6,28,0,0,0,0,0,0,0,0,0,0,0,0,0,0,0,0,0,0,0,0,0,0,0,0,0,0,0,0,0,0,0,0,0,0,0,0,0,0,0,0,0,0,0,0,0,0,0,0,0,0,0,0,0,0,0,0,0,0,0,0,0,0,0,0,0,0
64,6,29,0,0,0,0,0,0,0,0,0,0,0,0,0,0,0,0,0,0,0,0,0,0,0,0,0,0,0,0,0,0,0,0,0,0,0,0,0,0,0,0,0,0,0,0,0,0,0,0,0,0,0,0,0,0,0,0,0,0,0,0,0,0,0,0,0,0
64,6,30,0,0,0,0,0,0,0,0,0,0,0,0,0,0,0,0,0,0,0,0,0,0,0,0,0,0,0,0,0,0,0,0,0,0,0,0,0,0,0,0,0,0,0,0,0,0,0,0,0,0,0,0,0.12,0,0,0,0,0,0,0,0,0,0,0,0,0
71,7,1,0,0,0,0,0,0,0,0,0,0,0,0,0,0,0,0,0,0,0,0,0,0,0,0,0,0,0,0,0,0,0,0,0,0,0,0,0,0,0,0,0,0,0,0,0,0,0,0,0,0,0,0,0,0,0,0,0,0,0,0,0,0,0,0,0,0
71,7,2,0,0,0,0,0,0,0,0,0,0,0,0,0,0,0,0,0,0,0,0,0,0,0,0,0,0,0,0,0,0,0,0,0,0,0,0,0,0,0,0,0,0,0,0,0,0,0,0,0.18,0,0,0,0,0,0,0,0,0,0,0,0,0,0,0,0,0
71,7,3,0,0,0,0,0,0,0,0,0,0,0,0,0,0,0,0,0,0,0,0,0,0,0,0,0,0,0,0,0,0,0,0,0,0,0,0,0,0,0,0,0,0,0,0,0,0,0,0,0,0,0.11,0,0,0,0,0,0,0,0,0,0,0,0,0,0,0
71,7,4,0,0,0,0,0,0,0,0,0,0,0,0,0,0,0,0,0,0,0,0,0,0,0,0,0,0,0,0,0,0,0,0,0,0,0,0,0,0,0,0,0,0,0,0,0,0,0,0,0,0,0,0,0,0,0,0,0,0,0,0,0,0,0,0,0,0
71,7,5,0,0,0,0,0,0,0,0,0,0,0,0,0,0,0,0,0,0,0,0,0,0,0,0,0,0,0,0,0,0,0.46,0,0,0,0,0,0,0,0,0,0,0,0.29,0,0,0,0,0,0,0,0,0,0,0,0,0,0,0,0,0,0,0,0,0,0,0
71,7,6,0,0,0,0,0,0,0,0,0,0,0.29,0,0,0,0,0,0,0,0,0,0,0,0,0,0,0,0,0,0,0,0,0,0,0,0,0,0,0,0,0,0,0,0,0,0,0,0,0,0,0,0,0,0,0,0.08,0,0,0,0,0,0,0,0,0,0,0
71,7,7,0,0.27,0,0,0,0,0,0,0,0,0,0,0,0,0,0,0,0,0,0,0,0,0,0,0,0,0,0.3,0,0,0,0,0,0,0,0,0,0,0,0,0,0,0,0,0,0,0,0,0,0.17,0,0,0,0,0,0,0,0,0,0,0,0,0,0,0,0
72,7,8,0,0,0,0,0,0,0,0,0,0,0,0,0,0,0,0,0,0,0,0,0,0,0,0,0,0,0,0,0,0,0.44,0,0,0,0,0,0,0,0,0,0,0,0,0,0,0,0,0,0,0,0,0,0,0,0,0.12,0,0.19,0.1,0,0,0,0,0.13,0,0
72,7,9,0,0,0,0,0,0,0,0,0,0,0,0,0,0,0,0,0,0,0,0,0,0,0,0,0,0,0,0,0,0,0,0,0,0,0,0,0,0,0,0.28,0,0,0,0,0,0,0,0.1,0,0,0,0.09,0,0,0,0.09,0,0,0,0,0,0.19,0,0.13,0,0
72,7,10,0,0,0,0,0,0,0,0,0,0,0,0.31,0,0,0,0,0,0,0,0,0,0,0,0,0,0,0,0,0,0,0,0,0,0,0,0,0,0,0,0,0,0,0,0,0,0,0,0,0.11,0,0,0.2,0,0,0,0,0.08,0,0.11,0.37,0,0,0,0,0,0
72,7,11,0,0,0,0,0,0.49,0,0,0,0.31,0,0,0,0,0,0,0,0,0,0,0,0,0,0,0,0,0,0,0,0,0,0,0,0,0.96,0,0.29,0,0,0,0.3,0,0,0,0,0,0,0.2,0.11,0,0,0,0,0,0,0,0.08,0,0,0.25,0,0,0,0,0,0
72,7,12,0,0,0,0,0,0,0,0,0,0,0,0,0,0,0,0,0,0,0,0,0,0,0.33,0,0,0,0,0.44,0,0,0,0,0,0.23,0,0,0,0,0,0,0,0,0,0,0,0,0,0.12,0,0.34,0,0,0.11,0,0,0,0,0,0,0,0,0,0,0,0,0
72,7,13,0,0,0,0.31,0,0,0,0,0,0,0,0,0,0,0,0,0,0,0,0,0,0,0,0,0,0.28,0,0,0,0,0,0,0,0.57,0,0,0,0.31,0,0,0,0,0,0,0,0,0.17,0.15,0,0,0,0,0.1,0,0,0,0,0,0,0,0,0,0,0,0,0
72,7,14,0,0,0.43,0,0,0,0,0,0,0,0.3,0.58,0,0,0,0.3,0,0,0,0,0,0,0.29,0,0,0,0,0,0,0,0,0,0,0.28,0,0,0,0,0,0,0,0,0,0,0,0,0,0,0.23,0,0.18,0,0.5,0,0,0,0.12,0,0,0.25,0,0,0,0,0,0
73,7,15,0,0.44,0,0,0,0.52,0,0.63,0.3,0,0,0.5,0,0,0,0,0,0,0.3,0,0,0,0,0.3,0,0,0,0.58,0,0,0,0.26,0,0,0,0,0,0.59,0,0.86,0,0,0.29,0,0.25,0,0,0,0.22,0,0,0,0.23,0.11,0.12,0,0,0.12,0,0.19,0.22,0,0.17,0,0.12,0.12
73,7,16,0,0.32,0.28,0.92,0,0.26,0,0.63,0,0,0,1.39,0,0,0,0,0,0,0,0,0,0,0,0,0,0,0.25,0.29,0,0,0.25,0.64,0,0.27,0.3,0,0.41,0.27,0,0,0,0,0.55,0,0,0,0.11,0.17,0,0.09,0.24,0,0.23,0,0.23,0.18,0.12,0.12,0,0.72,0.13,0.25,0.19,0.37,0.13,0.25
73,7,17,0,0,0.58,0.26,0,0,0,0.61,0.3,0.64,0,0.28,0,0,0,0,0,0,0,0,0,0.47,0,0,0.67,0,0,0,0,0.52,0,0.5,0,0.29,0.71,0,0,0,0,0.3,0,0,0,0,0,0.28,0.12,0,0,0.45,0.36,0,0.16,0.43,0.46,0.18,0.36,0.09,0.23,0,0,0.35,0,0.19,0.39,0.64
73,7,18,0.3,0,0,0.58,0.48,0,0,0.67,0,0.61,0,0,0,0,0.29,0.28,0.31,0,0,0,0,0.44,0,0,0,1.31,0,0.28,0,0,1.5,0.81,0,0,0.52,0.28,0,0,0.26,0,0,0,0.87,0,0,0.25,0,0.42,0.16,0.46,0,0.52,0,0,0.11,0.17,0,0.23,0.22,0.39,0.38,0.32,0,0,0.19,0.83
73,7,19,0.26,0.27,0,0,0,0.32,1.38,0,0,0.88,0.89,0.6,0,0,0,0,0.38,0.44,0,0,0,0,0,0,0,0.45,0,0.86,0,0.83,1.09,0,0.31,0,0.56,0,0,0,0,0,0,0,0,0,0.81,0.44,0.34,0.12,0.31,0.43,0,0.22,0,0.84,0,0.18,0.19,0.8,0.11,0.72,0.91,0.21,0.23,0.18,0,0.83
73,7,20,1.13,0.55,0,0,0.29,0.56,0.54,0.92,0.77,0.29,0.44,0.62,0,0,0,0.31,0.68,0,0.48,0,0,0.92,0,0,0,0.43,0,0,0.49,0,0.74,0,0,0,0.85,0.4,0.29,0,0,0,0,0,0.29,0,0.42,0.32,0.2,0.12,0.36,0.34,0.12,0,0.16,0.67,0,0.11,0,0.84,0.09,0.24,0.92,0.12,0,0.91,0,0.83
73,7,21,2.59,0.79,0,0.91,1.8,0.99,2.04,1.67,0.31,1.13,2.42,0.94,0.9,0,0.45,0,0.56,0,0,0,0,0.28,0,0,0,0.31,0,0,0.26,0,0,0.82,0,0,0.76,0.3,0.9,0,0,0.28,0,0,0.27,0,0.86,0,0.11,0.41,0.17,0.45,0.35,0.11,0.36,0.47,0.23,0.74,0,0.12,0.43,0.99,1.45,0.49,0.12,0.18,0,0.83
74,7,22,0.87,2.25,0,0.27,0.9,3.15,1.2,2.9,0.59,0.55,7.38,1.29,0.31,0.29,0.6,0.59,0,0.25,0,0,0,0,0.42,0.28,0.58,0,0,0.58,0,0,0.93,0.28,0,0.55,0,0,0,0,0,0,0.85,0,1.16,0.29,0,0.3,0.11,0.22,0.24,0,0,0.45,0.24,0.68,0.57,0.5,0.3,0.18,0.59,0.24,1.42,0.18,0.11,0.5,0.73,1.56
74,7,23,1.99,1.42,1.53,1.17,1.44,1.36,1.5,2.66,0,1.85,3.45,3.24,0.63,0,1.19,0,0,0.54,0.29,0,0.29,0,1.7,0,0.9,0.52,0.44,0.75,0,0.53,0.46,0.27,0.19,0.82,0,0.87,0,0.41,0.46,0,0,0,0.44,0.59,0,0,0,0.72,0.55,0.94,0.68,0.44,0.57,0.98,0.36,0.79,0.33,0.18,0.76,0.12,0.56,0.54,0.35,0.46,0.18,1.74
74,7,24,3.1,0.31,0.56,0.96,3.69,0.52,0.58,2.27,0.3,1.72,3.12,2.01,0.88,0,0.86,0.42,0.75,0.35,0.29,0.45,0.7,0.25,0.62,0,1.12,1.91,0,2.69,0.29,1.14,0.89,0.53,0.59,0.26,0,0.28,0.2,0,0.44,0.25,1.33,0.31,0.9,0.56,0.5,0,0.18,0.79,0.89,0.11,0.36,0.7,0.44,0.53,0.47,0.38,0.22,0.92,0.84,0.12,0.74,0.33,0.23,0,0.35,2.09
74,7,25,2.59,2.16,2.03,0.26,0.48,0.29,0.54,1.83,2.13,1.73,1.41,0.87,0.8,0.31,0.9,0.26,0.31,1.14,0,0.86,0.3,0.81,0.29,0.44,0.72,1.35,0.28,0.38,0.53,0,1.35,0,0,1.01,0.43,1.14,0,0.52,0,0,0.27,0.53,0.44,1.13,0,0.72,0.18,0,0.32,0.56,0.18,0.66,0,1.05,1.07,0.77,0.52,1.96,0.24,1.46,2.12,0.91,0,0.38,0.59,2.68
74,7,26,1.87,4.1,2.66,1.98,0.89,0.32,1.57,1.5,3.65,3.09,2.56,0.6,1.23,0.53,0.86,0.64,0,0.56,0.62,0,0,1.02,0.89,0,0.3,0.56,0,0.85,0,0.27,0.3,2.07,0.23,0.25,1.96,0,1.07,0,0,0,1.45,0,0.45,1.79,0.23,0,0.33,0.1,0.86,0.56,0,0.32,0.22,1.3,0.34,0.94,0.22,1.88,0.34,1.14,1.88,0.9,0.18,1.03,0.58,3.26
74,7,27,2.58,2.12,2.29,1.81,0.6,0.32,2.23,2.15,2.33,0.93,3.47,1.5,1.28,0.29,2.56,0,0,0.31,0.29,0,0.62,0.58,0,0,3.41,1.74,0.3,0.44,0.61,0.45,0.24,0.78,0.57,0.23,2.82,0.79,0.59,0,0.29,0,0.28,0.31,0.4,1.77,1.6,1.87,0.67,0,1.48,0.76,1.31,0.84,0.27,1.03,0.53,1.67,0.35,1.15,0.65,0.6,3.09,0.77,0.16,0.36,0.59,3.85
74,7,28,0.92,5.35,2.42,4.15,1.7,0.92,4.35,0,0.5,4.18,3.95,0.39,0.9,1.44,2.69,0.59,1.31,1.66,0.75,2.05,0,0,0.31,0.29,2.64,0.92,0.62,1.13,2.61,0.94,0.59,0.88,0.78,0.55,3.29,0.83,0,0,0.78,0.41,0.79,0.22,0,0.43,1.16,0.48,0.17,0,0.98,0.67,1.88,1.13,1.92,1,0.81,1.17,0.12,0.78,0.68,1.42,1.2,1.57,0.46,0.84,0.32,4.17
75,7,29,0.8,4.41,0.97,0.72,5.02,0.9,1.93,2.71,2.75,8.69,5.82,2,0.63,2.38,2.78,0.31,0.85,1.98,0.96,2.73,0,0.28,0.29,0.92,3.58,2.21,1.94,1.16,1.35,1.27,0.9,0.8,1.22,1.88,1.16,0.45,0,0.8,0.55,0,0.73,0,0.53,0.45,0.19,0.71,0.68,0.73,0.45,0.98,1.51,1.12,1.3,0.41,1.44,0.95,0.31,0.86,0.33,0.58,2.03,0.86,0.64,1.53,1.17,5.34
75,7,30,0.9,0.89,2.3,0.46,2.59,1.67,2.48,5.26,3.24,6.46,8.87,1.97,3.08,2.28,3.2,1.67,1.77,0.41,0.29,1.93,0,0.9,0.88,0.26,3.8,1.8,2.37,0.85,0.47,0.26,0.25,2,0,1.41,0.58,0,0,0.55,0.29,0,0.4,0,0.77,3.98,2.03,0.48,0.88,0.45,0.69,1.57,1.81,0.34,2.67,0.57,0.16,0.55,1.04,0.77,1.14,0.88,2.62,0.59,0.46,1.24,0.96,6.3
75,7,31,0,0,2.41,2.96,1.83,0.53,0.31,3.2,2.14,10.16,11.92,3.86,0.3,1.34,5.28,0.31,2.22,0.44,1.71,1.77,1.65,1.98,2.13,0.28,2.18,2.35,0,2.84,0.92,0.42,0.73,1.45,3.1,1.33,3.58,0.58,1.79,0,0.31,0,0,0.26,0.28,4.3,0.99,1.16,1.16,0.43,0.77,1.97,0.45,1.31,1.99,1.23,0.69,1.03,0.34,0.16,0.86,0.36,1.61,1.57,0.16,2.24,1.96,8.26
75,8,1,1.42,1.8,2.57,4.49,0.63,1.96,0.94,2.4,4.59,7.47,10.58,11.42,1.35,1.8,3.65,2.83,2.31,2.58,0,0.95,0.6,2.05,1.43,0,0.89,2.79,3.44,2.7,1.94,0.83,1.08,1.4,1.28,1.53,1.64,0,0.84,0.27,0,0.26,0,0.29,0.45,1.47,0.34,0.5,0.44,0.92,0.94,1.51,0.76,0.78,1.62,1.55,0.8,1.2,0.67,1.17,0.54,1.84,2.4,2.25,1.23,1.7,0.44,8.7
75,8,2,0,3.21,4.07,2.89,0.47,0.85,2.17,2.35,4.7,8.7,10.76,3.71,1.12,1.77,3.97,2.83,0.98,2.98,0,1.6,0.44,1.24,1.6,0.77,3.1,4.78,2.22,1.52,0.79,1.31,1.16,1.46,0,1.54,1.09,0.59,0,0,0.57,0.31,1.59,0,0.83,3.78,1.36,0,0.81,0.54,2.4,1.82,0.33,1.48,0.7,0.96,2.29,1.24,0.84,1.57,0.23,1.93,2.82,1.24,0.54,1.06,1.35,10.05
75,8,3,1.56,0.68,13.99,4.99,0.47,0.81,7.49,5.64,4.72,10.29,14.45,3.38,1.74,3.55,4.88,5.09,4.17,3.99,0.38,2.11,1.4,0.3,0.84,1.56,3.57,0.82,0.85,1.21,0.78,2.8,3.11,0,0.57,3.49,1.94,0,0,0.73,0.87,0.29,0.81,0,0.84,0.81,1.3,2.44,1.4,0.79,0.34,1.95,0.73,0.43,0.86,2.08,0.78,1.53,1.03,0.82,0.51,2.59,4.07,1.75,0.12,1.24,0.82,10.87
75,8,4,2.48,0.25,5.13,5.04,2.17,2.18,1.34,7.2,1.54,6.6,12.34,5.59,3.55,0.94,5.9,11.02,3.92,1.47,1.46,1.11,0.55,1.67,4.52,2.31,3.74,1.18,0,3.41,11,0.77,0.4,0,1.1,1.82,3.33,0.41,0,0,0.92,0.61,0.84,0,1.97,0.79,1.78,0.85,1.43,1.44,2.59,1.55,4.04,2.05,1.28,2.02,0.98,0.71,2.2,1.25,0.75,1.76,1,1.26,0.36,1.44,1.52,12.39
81,8,5,8.47,2.1,6.58,3.32,5.59,2.71,5.23,2.57,2.46,6.64,5.59,5.39,4.42,1.65,1.22,11.64,2.36,1.54,0.38,1.44,1.75,0.77,3.9,1.51,2.54,2.67,3.98,4.4,0.81,0,1.7,0.58,0,2.85,2.38,1.71,0,0.46,0.31,0.98,0.55,0.42,1.16,0.54,0.78,2.74,1.86,1.32,1.73,2.43,1.07,2.07,0.68,1.76,0.98,0.74,1.86,2.11,0.16,1.56,3.39,1.08,0,1.13,1.1,13.49
81,8,6,3.06,2.29,1.2,2.88,5.11,2.43,3.69,4.08,2.85,9.33,7.73,6.89,2.75,1.19,1.51,8.36,5.02,2.61,2.3,1.99,1.57,2.3,1.4,1.6,1.64,2.6,3.4,3.24,2.7,0.52,1.6,0.79,0,1.14,0.46,1.24,0,0.37,1.34,1.34,0.75,0,1.13,1.71,1.62,2.49,1.56,0.45,1.76,6.65,2.21,1.4,2.14,1.94,2.03,0.8,1.06,2.21,1.08,1,3.7,2,0.17,1.06,1.42,14.91
81,8,7,0.7,3.33,8.25,2.5,5.2,3.45,3.42,3.38,2.24,8.94,8.46,10.04,1.53,2.01,4.47,6.56,3.82,1.11,1.26,1.92,1.5,1.81,9.24,0.82,3.48,3.66,4.75,2.63,2.77,1.85,3.25,1.26,0.5,2.61,1.79,2.04,0.3,0.65,5.46,2.18,0.39,0,0.46,1.56,0.52,5.08,1.46,0.74,1.63,4.34,3.12,1.41,1.41,2.27,1.18,0.58,0.91,0.71,0,1.3,1.82,0.71,0.39,0.75,1.61,16.52
81,8,8,3.1,1.28,11.66,7.24,0.47,2.42,1.51,2.8,7.16,12.35,4.86,6.08,5.11,2.56,4.5,14.13,1.44,2.66,2.56,7.15,2.31,2.87,3.86,0.45,1.11,1.91,5.05,0.83,6.36,1.6,1.66,0.41,1.47,4.24,1.33,1.46,0.59,0.25,1.68,0.81,0.27,0,0.4,1.57,1.09,1.17,0.66,0.63,0.23,5.2,1.91,2.32,0.92,2.84,0.83,1.28,0.38,1.11,0.36,0.7,1.64,0.73,0.8,1.5,0.37,16.89
81,8,9,4.45,3.98,11.12,3.51,2.76,2.53,2.25,1.23,5.94,3.43,2.75,4.6,2.59,6.12,4.06,6.7,1.33,5.6,0.8,7.05,0.88,2.63,4.13,0.91,2.21,0.8,1.96,0.92,1.18,1.99,1.13,0,1.37,1.93,3.27,3.4,0.28,0,0.43,1.38,0.29,0.28,0.9,3.36,1.61,1.35,0.36,0.73,1.86,2.62,0.36,1.79,0.8,3.34,0.69,0.47,0.38,3.35,0.77,1.54,2.12,3.96,0.5,1.7,1.23,18.12
81,8,10,3.15,5.14,9.68,0.89,0,2.31,6.09,3.63,4.62,5.04,4.56,3.17,4.63,11.02,4.15,3.94,2.72,5.5,3.89,2.4,0,1.14,5.23,0.47,1.38,2.85,4.95,0.88,7.7,2.05,1.62,0.91,0.82,0.28,3.91,2.26,1.13,0,0,1.23,0.29,0,0.89,0,0.27,0,2.71,2.41,0.77,1.96,3.96,2.71,1.14,4.33,1.25,0.42,0,1.97,1.24,0.47,1.27,2.76,0.18,2.34,0.72,18.84
81,8,11,3.6,2.25,6.5,1.79,1.27,1.77,6.11,0.89,4.59,4.86,5.7,9.45,2.79,8.1,2.91,5.21,3.27,4.19,1.6,3.81,8.51,5.72,9.02,0.87,0.88,1.42,3.83,0.92,4.09,3.37,1.43,0,1.55,1.59,0.53,2.29,0.29,0.28,2.45,0,0.41,0,0.91,0.43,1.21,0,3.25,1.06,1.02,2.32,5.25,1.87,2.71,2.68,2.13,0.32,0.19,0.56,1.07,0.72,0.54,2.24,0.57,1.09,0.99,19.83
82,8,12,3.88,4.11,2.4,0.31,3.43,1.82,5,1.47,6.91,3.94,9.61,7.02,1.55,13.62,3.08,3.84,3.97,6.75,0,1.92,1.92,4.62,4.12,1.1,4.15,1.77,0.67,0.88,5.76,1.76,0,0.59,4.03,1.07,1.1,2.56,0.47,0,0.57,2.22,0.87,0,2.77,2.5,2.31,0.26,4.67,0.78,2.03,2.39,3.98,2.03,3.26,1.99,1.58,0.34,0.55,2.56,1.91,1.67,2.8,0.56,1.3,1.36,0.91,20.74
82,8,13,0,1.85,2.7,2,2.72,0.92,5.86,2.14,0.87,7.14,10.14,4.82,3.67,10.93,4.2,2.31,4.05,4.28,1.97,0.86,3.06,2.27,4.02,0.29,3.02,3.94,1.68,0.28,4.09,0.82,0.58,0.59,1.63,2.99,1.65,4.84,0,0.87,0.6,1.56,1.76,0.28,3.27,4.06,0,0.3,2.53,0.8,1.32,1.65,4.25,3.35,1.6,2.74,1.27,1.06,0.64,0.61,1.59,1.41,1.55,0.13,0.37,1.28,0.75,21.49
82,8,14,1.54,4.38,4.46,0.93,4.23,0.45,2.19,3.69,7.27,7.44,6.07,4.41,5.42,5.84,11.79,2.53,0.98,2.94,1.36,0.87,3.54,9.52,6.08,0.57,1.44,0.35,2.58,0.6,3.22,2.7,3.38,0.53,1.22,3.19,2.85,1.27,0,0.28,1.52,0.81,0.45,0.27,1.93,2.41,2.92,1.59,2.3,2.5,0.67,2.68,3.02,2.77,2.58,1.01,1.52,0.97,0.24,0.13,1.77,0.92,0.37,0.13,0,0.55,0.51,22
82,8,15,3.59,4.81,4.02,1.33,3,2.17,0.64,2.9,9.88,5.85,2.55,8.32,3.61,4.13,9.49,4.82,1.1,4.51,4.9,0,4,14.12,9.51,1.2,2.5,0.91,1.19,2.02,3.41,0.75,3.95,1.63,0,5.45,3.95,1.57,0,0,0.61,1.69,0.88,0.3,1.82,2.24,0.42,0.53,1.79,3.52,0.49,3.36,2.82,2.13,1.31,1.37,0.94,1.04,1.07,1.16,1.65,0.88,3.07,0.5,0,0.19,0.74,22.74
82,8,16,1.95,4.9,9.16,2.77,1.94,0.59,5.57,0.92,2.04,5,8.96,7.35,0.31,8.94,14.44,10.1,2.1,7.34,4.74,1.97,2.62,3.64,4.52,0,2.83,2.8,1.4,0.96,0.86,2.45,3.59,0.81,0,1.76,2.39,0.94,0.43,0.61,1.52,1.72,1.3,0,3.26,1.38,0.86,0.85,3.15,2.6,1.31,2.93,2.89,0.92,2.75,2.28,0.72,1.06,0.95,1.5,0.65,0,2.73,0.77,0,0.37,0.77,23.51
82,8,17,3.44,5.29,10.38,2.75,0.32,2.25,3.04,1.38,8.49,1.59,6.41,6.14,0,6.11,12.92,2.67,0.28,6.25,4.34,0.89,3.73,4.63,2.78,1.21,0.62,1.83,2.08,3.01,0.28,2.55,2.02,0.92,0,2.87,2.29,0.73,0,0,1.25,1.05,0.81,0,3.5,1.67,2.27,2.74,1.67,1.74,1.59,6.9,2.04,1.91,0.39,1.61,0.91,1.33,0.38,0.13,1.12,0.88,2.37,0.98,0.13,0.74,0.19,23.7
82,8,18,3.18,2.39,3.47,2.71,1.59,0.57,10.59,0.92,2.5,0.3,12.93,3.23,2.35,3.16,4.01,7.79,0,4.83,0.9,2.22,3.54,2.81,2.64,0.32,3.47,0.48,3.6,1.94,1.43,2.04,0.42,1.48,0.25,3.36,3.35,1.6,0.3,0.46,2.38,0,0.42,0.41,1.2,0.53,0.86,1.79,2.48,1.08,4.63,4.59,0.17,1.24,2.15,2.12,1.16,1.82,0,2.73,0.78,1.26,0.88,0.89,0,0,0.19,23.89
83,8,19,2.32,2.68,3.88,2.35,3.15,0.31,9.44,2.26,3.68,1.57,21.76,4.42,4.96,8.36,3.53,2.88,3.37,3.71,3.56,1.47,2.66,8.26,5.7,0.93,1.67,1.38,3.13,2.97,1.68,1.77,1.19,0.91,0.56,9.69,1.62,3.78,0,1.31,2.41,0.44,1.66,0,3.66,0,0,1.29,2.68,2.43,1.86,1.08,2.22,1.89,4.08,3.48,3.63,0.17,0.36,0.39,2.14,1.49,5.66,2.96,0.26,1.44,0.77,24.66
83,8,20,3.47,1.3,2.61,0.46,1.55,0,2.29,3.65,4.3,0.65,3.2,5.03,1.39,5.62,3.54,9,0.36,0,2.31,0.61,5.41,5.04,4.05,0.9,0.93,0.6,0.91,2.43,1.18,2.38,0.38,0.3,0.29,3.5,1.82,0.56,0.31,0,0,0,0.27,0.44,0.89,0.47,1.38,3.46,0.82,2.31,2.04,3.19,2.59,1.54,0.91,3.79,1.29,0.13,0.94,0,2.54,2.17,2.06,1.32,0,0.38,0.39,25.05
83,8,21,0.96,6.11,4.34,0.96,0,2.56,2.88,1.89,1.87,0.48,3.07,3.94,0.97,11.82,0.46,5.25,2.95,0,2.31,2.24,4.35,0,4.06,1.85,4.06,0.63,1.43,3.38,3.43,0.59,2.65,0.89,0,3.15,1.7,4.75,0,0.9,2.36,0.3,1.19,0,2.3,2,0.3,3.74,0.79,0.65,1.02,3.84,1.92,0.46,2.21,7.01,3.53,0,0,2.5,1.89,0.12,1.45,2.43,0.73,0,0.77,25.82
83,8,22,1.83,2.77,4.7,0,0.91,0.97,1.24,0.92,5.75,5.98,0.94,3.69,2.99,7.25,3.17,6.5,1.93,2.31,0.43,0.91,4.08,5,3.24,1.8,1.23,0.62,2.28,3.43,0.3,1.71,0.44,0,1.15,2.61,5.56,3.2,0.47,0.31,0.48,1.19,0.42,0,3.57,1.16,1.17,7.13,0.99,3.97,0.12,5.31,2.15,1.08,0,3.06,2.21,0,0,0,2.43,0,1.6,1.1,1.23,0.87,0.39,26.21
83,8,23,7.09,5.8,1.86,0.33,0.95,2.68,0.63,1.81,5.25,1.85,0.63,0.47,0.92,6.16,1.73,16.6,2.22,0.47,NA,1.37,2.05,0.96,3.32,0.94,3.54,0.32,0,1.8,1.49,0,2.3,0.44,0,3.66,5.89,4.03,0.55,0.93,1.83,1.9,0.45,0,2.26,3.35,0.32,6.08,1.24,1.42,0.24,6.25,4.09,1.15,0.74,3.55,1.29,0.73,0.19,0.37,1.07,0,0.26,1.47,0.26,0.13,0.97,27.18
83,8,24,3.68,0.86,1.9,0.31,1.92,1.55,0.92,0.31,2.26,6.04,0,7.42,1.95,4.54,0.31,1.66,3,0.46,NA,0.46,1.72,6,0.29,0.47,0.49,0,1.7,1.37,2.31,1.61,0.31,0.43,0.3,2.83,0.91,0.92,0,0.63,2.34,0,2.05,0.43,2.59,1.32,1.4,2.3,2.8,0.87,0.75,4.98,2.66,1.1,0.76,5.83,0.7,0,0,1.1,1.43,0.19,0.38,0.9,0.19,0.58,0,27.18
83,8,25,4.94,4.16,3.99,0,0,2.98,4.14,0,0.45,1.48,0.3,2.48,4.88,2.38,0.92,7.52,10.5,3.64,NA,0.47,0.92,4.23,1.45,0,1.8,0.48,1.46,2.22,2.34,2.78,2.68,0.92,0,2.6,1.7,4.01,0.61,0.29,1.4,1.35,1.51,0,1.4,4.89,1.82,8.33,2.98,1.35,NA,5.87,2.24,0.54,0.38,4,0.19,2.57,0,0.56,1.21,0.97,1.05,2.9,0.19,0.96,0.39,27.57
84,8,26,3.26,4.28,6.04,0,0,2.83,2.11,0,3.26,0.65,1.52,0.59,NA,0,10.07,4.79,NA,0.46,0.44,2.36,3.3,3.25,0,1.38,0.46,0.94,0.46,2.73,3.19,0.86,NA,1.83,0.44,4.46,1.58,2.29,0.31,1.22,0.31,2.26,0.88,NA,2.32,6.32,1.77,NA,5.15,0.67,NA,NA,1.46,0.74,2.23,1.3,0,1.63,0,0.19,0.56,1.34,0.38,0.19,0,0.26,0.77,28.34
84,8,27,2.84,3.26,6.41,0.3,0.98,4.13,3.33,0,0,4.76,1.54,0.9,NA,2.61,NA,3.5,NA,0.43,4.48,NA,0.92,8.44,3.21,NA,4.58,0,NA,1.3,NA,1.41,NA,0,0.88,2.61,3.44,5.63,0,0.91,1.57,1.79,0,NA,1.38,5.05,3.46,NA,4.91,2.59,NA,NA,3,3.72,1.12,1.22,0.19,0.72,0.75,0.37,0.56,0.5,0.39,2.73,0.76,0.52,0,28.34
84,8,28,3.72,1.44,4.18,0.46,0,1.41,1.52,0,0.94,2.85,0.92,0.59,NA,2.32,NA,NA,NA,3.78,1.8,NA,NA,NA,NA,NA,NA,NA,NA,1.83,NA,2.62,NA,0,1.7,3.39,1.66,3.43,0.96,0.6,0.32,0.88,2.16,NA,4.93,5.12,0,NA,0.86,2.88,NA,NA,3.34,1.59,0.75,0.19,0.38,0.18,0.38,0.39,0.57,0.76,1.97,1.01,0,0.19,2.68,31.02
84,8,29,4.45,1.9,1.85,3.12,1.84,4.22,0.93,0,1.26,38.08,11.27,0.3,NA,1.44,NA,NA,NA,NA,NA,NA,NA,NA,NA,NA,NA,NA,NA,NA,NA,0.45,NA,0,1.32,2.84,0.33,0,0.9,0.3,0.63,0.44,1.78,NA,2.67,7.57,0,NA,2.16,1.35,NA,NA,4.72,0.93,2.54,1.67,0.19,0.35,0.58,0.38,0,0.57,0.51,0.39,0.19,0.19,0.75,31.77
84,8,30,2.95,0.32,1.92,0.66,0.63,1.94,0,0,0.63,NA,NA,0,NA,2.77,NA,NA,NA,NA,NA,NA,NA,NA,NA,NA,NA,NA,NA,NA,NA,0,NA,0,1.34,5.13,1.18,4.81,2.22,0.63,2.37,1.29,0.45,NA,2.01,6.38,0.89,NA,0.34,0,NA,NA,2.98,NA,1.11,2.44,1.5,0.19,0.19,1.26,2.99,0.63,1.66,0.57,0,0,0.58,32.35
84,8,31,0.64,1.78,2.63,2.57,1.88,7.85,0,1.27,5.24,NA,NA,0.98,NA,NA,NA,NA,NA,NA,NA,NA,NA,NA,NA,NA,NA,NA,NA,NA,NA,NA,NA,0,1.78,2.73,4.96,5.61,1.83,0.47,2.77,2.66,0.94,NA,2.29,2.48,1.8,NA,1.4,1.07,NA,NA,1.23,NA,1.86,7.96,0.13,0,0,1.9,0.19,0.59,1.91,0.38,0,0.19,0.38,32.73
84,9,1,1.89,1.83,6.49,0.65,0,1.24,0,2.51,0.94,NA,NA,NA,NA,NA,NA,NA,NA,NA,NA,NA,NA,NA,NA,NA,NA,NA,NA,NA,NA,NA,NA,0,1.15,1.35,3.83,0,2.74,0,NA,0.61,3.01,NA,3.58,2.32,0.88,NA,NA,5.08,NA,NA,1.7,NA,1.53,5.63,0.38,0.19,0.19,1.5,0.77,0,1.92,3.38,0.19,0,0.39,33.12
91,9,2,9.56,NA,8.11,0.47,0,1.55,0.45,0.47,1.24,NA,NA,NA,NA,NA,NA,NA,NA,NA,NA,NA,NA,NA,NA,NA,NA,NA,NA,NA,NA,NA,NA,7.18,0,0.47,2.13,4.08,0.31,0.93,NA,1.76,0.9,NA,1.89,2.07,0,NA,NA,1.33,NA,NA,0.19,NA,0.19,2.95,0.19,0,0,0.76,0.26,0.38,0.57,2.93,0,0.19,0.76,33.88
91,9,3,5.3,NA,14.21,1.4,0,0,0.95,2.34,0,NA,NA,NA,NA,NA,NA,NA,NA,NA,NA,NA,NA,NA,NA,NA,NA,NA,NA,NA,NA,NA,NA,7.35,0.6,2.81,2.75,2.31,0.92,0,NA,1.85,0.92,NA,4.89,1.26,0.32,NA,NA,2.03,NA,NA,2.32,NA,1.66,4.52,0.56,0.19,0.58,0.38,0.39,0.39,1.14,2.67,0,0,0.77,34.65
91,9,4,1.48,NA,6.1,NA,1.35,7.18,1.88,5.71,NA,NA,NA,NA,NA,NA,NA,NA,NA,NA,NA,NA,NA,NA,NA,NA,NA,NA,NA,NA,NA,NA,NA,14.96,1.39,0.93,4.03,2.77,2.35,0.92,NA,1.74,0,NA,5.88,2.27,0,NA,NA,0.71,NA,NA,2.42,NA,2.52,2.29,2.75,0.57,0.19,0.19,1.52,0.19,0,0.39,0.19,0.58,0.39,35.04
91,9,5,2.31,NA,3.88,NA,1.89,8.41,NA,4.65,NA,NA,NA,NA,NA,NA,NA,NA,NA,NA,NA,NA,NA,NA,NA,NA,NA,NA,NA,NA,NA,NA,NA,3,1.8,1.7,1.42,NA,2.38,0,NA,0.94,1.89,NA,8.01,3.36,0.61,NA,NA,0.18,NA,NA,1.38,NA,0.75,3.73,2.72,0,0.19,0.56,1.52,0.78,0.97,0.58,0.19,0.39,0,35.04
91,9,6,2.66,NA,0.67,NA,0.47,8.38,NA,NA,NA,NA,NA,NA,NA,NA,NA,NA,NA,NA,NA,NA,NA,NA,NA,NA,NA,NA,NA,NA,NA,NA,NA,4.44,2.02,0.95,5.13,NA,0,1.41,NA,NA,0.93,NA,2.3,7.26,0.47,NA,NA,0.82,NA,NA,3.36,NA,0,5.84,1.31,0,0.39,0.38,1.65,0,0.77,0.19,0.77,0.19,1.52,36.56
91,9,7,0,NA,0.96,NA,1.41,NA,NA,NA,NA,NA,NA,NA,NA,NA,NA,NA,NA,NA,NA,NA,NA,NA,NA,NA,NA,NA,NA,NA,NA,NA,NA,NA,2.11,0.32,2.73,NA,0.63,1.26,NA,NA,1.36,NA,5.05,13.51,0,NA,NA,2.81,NA,NA,2.56,NA,0.13,1.89,1.66,0,0.39,0.19,0.77,0.57,0.39,2.65,0,0,1.16,37.72
91,9,8,2.43,NA,0,NA,1.21,NA,NA,NA,NA,NA,NA,NA,NA,NA,NA,NA,NA,NA,NA,NA,NA,NA,NA,NA,NA,NA,NA,NA,NA,NA,NA,NA,0.44,1.43,2.37,NA,0.62,1.26,NA,NA,1.87,NA,2.74,5.97,1.78,NA,NA,3.1,NA,NA,0.57,NA,1.33,3.79,2.03,0,0,0.57,2.27,0.26,0.19,0.19,0,0,0.39,38.11
92,9,9,0,NA,4.56,NA,NA,NA,NA,NA,NA,NA,NA,NA,NA,NA,NA,NA,NA,NA,NA,NA,NA,NA,NA,NA,NA,NA,NA,NA,NA,NA,NA,NA,2.32,NA,3.31,NA,3.21,1.26,NA,NA,0.48,NA,7.64,8.27,4.44,NA,NA,4.57,NA,NA,1.27,NA,0.76,2.98,0.76,1.83,0,1.15,1.53,0.77,0.78,0.76,0.58,0.97,0.78,38.89
92,9,10,0.98,NA,4.92,NA,NA,NA,NA,NA,NA,NA,NA,NA,NA,NA,NA,NA,NA,NA,NA,NA,NA,NA,NA,NA,NA,NA,NA,NA,NA,NA,NA,NA,NA,NA,5.17,NA,3.72,0.48,NA,NA,2.24,NA,7.26,13.61,1.79,NA,NA,1.46,NA,NA,0.56,NA,0,7.6,0,0.56,0,0.39,2.63,0.97,0.78,2.84,0.19,0,0.19,39.08
92,9,11,0.68,NA,1.85,NA,NA,NA,NA,NA,NA,NA,NA,NA,NA,NA,NA,NA,NA,NA,NA,NA,NA,NA,NA,NA,NA,NA,NA,NA,NA,NA,NA,NA,NA,NA,NA,NA,NA,0.93,NA,NA,1.4,NA,2.71,4.05,2.27,NA,NA,0.91,NA,NA,4.33,NA,0.38,0.96,2.88,1.47,0.58,0.96,0.19,0.39,6.49,1.31,0.39,0.26,0,39.08
92,9,12,0.59,NA,NA,NA,NA,NA,NA,NA,NA,NA,NA,NA,NA,NA,NA,NA,NA,NA,NA,NA,NA,NA,NA,NA,NA,NA,NA,NA,NA,NA,NA,NA,NA,NA,NA,NA,NA,0.95,NA,NA,1.91,NA,2.82,6.17,0.47,NA,NA,3.09,NA,NA,0.19,NA,0.94,2.44,0.19,1.27,1.03,3.62,1.17,0.19,3.55,NA,0,0.39,0,39.08
92,9,13,0,NA,NA,NA,NA,NA,NA,NA,NA,NA,NA,NA,NA,NA,NA,NA,NA,NA,NA,NA,NA,NA,NA,NA,NA,NA,NA,NA,NA,NA,NA,NA,NA,NA,NA,NA,NA,3.38,NA,NA,1.89,NA,2.78,1.83,4.48,NA,NA,2.81,NA,NA,3.15,NA,0.78,2.65,1.9,0.56,0,3.02,1.73,0.19,2.89,4.83,0,0.19,0,39.08
92,9,14,0,NA,NA,NA,NA,NA,NA,NA,NA,NA,NA,NA,NA,NA,NA,NA,NA,NA,NA,NA,NA,NA,NA,NA,NA,NA,NA,NA,NA,NA,NA,NA,NA,NA,NA,NA,NA,2.2,NA,NA,0.47,NA,10.05,4.48,0,NA,NA,0.55,NA,NA,0.5,NA,1.32,2.28,1.37,0.19,2.6,0.59,0.78,0,1.74,5.21,0.39,0,0,39.08
92,9,15,2.03,NA,NA,NA,NA,NA,NA,NA,NA,NA,NA,NA,NA,NA,NA,NA,NA,NA,NA,NA,NA,NA,NA,NA,NA,NA,NA,NA,NA,NA,NA,NA,NA,NA,NA,NA,NA,0.95,NA,NA,1.9,NA,10.48,0.94,1.91,NA,NA,2.69,NA,NA,0.39,NA,0.38,2.85,0,0.57,0.77,1.15,1.02,0.19,1.36,2.8,0.19,0.19,0,39.08
93,9,16,3.91,NA,NA,NA,NA,NA,NA,NA,NA,NA,NA,NA,NA,NA,NA,NA,NA,NA,NA,NA,NA,NA,NA,NA,NA,NA,NA,NA,NA,NA,NA,NA,NA,NA,NA,NA,NA,0.48,NA,NA,NA,NA,5.14,2.16,0,NA,NA,1.47,NA,NA,NA,NA,1.55,0.58,0,0.56,0.19,1.14,1.94,0.39,0.39,5.13,0,0.19,0,39.08
93,9,17,2.55,NA,NA,NA,NA,NA,NA,NA,NA,NA,NA,NA,NA,NA,NA,NA,NA,NA,NA,NA,NA,NA,NA,NA,NA,NA,NA,NA,NA,NA,NA,NA,NA,NA,NA,NA,NA,1.42,NA,NA,NA,NA,1.92,0.98,1.63,NA,NA,0.73,NA,NA,NA,NA,0.57,1.7,0.19,0.72,0,1.32,0.19,0,0.97,0.92,0,0.39,0.19,39.27
93,9,18,4.23,NA,NA,NA,NA,NA,NA,NA,NA,NA,NA,NA,NA,NA,NA,NA,NA,NA,NA,NA,NA,NA,NA,NA,NA,NA,NA,NA,NA,NA,NA,NA,NA,NA,NA,NA,NA,2.42,NA,NA,NA,NA,0.95,0.97,2.74,NA,NA,0.12,NA,NA,NA,NA,1.13,3.7,0.77,0.19,0.19,0.19,NA,0.19,1.73,2.46,0,0,0,39.27
93,9,19,2.92,NA,NA,NA,NA,NA,NA,NA,NA,NA,NA,NA,NA,NA,NA,NA,NA,NA,NA,NA,NA,NA,NA,NA,NA,NA,NA,NA,NA,NA,NA,NA,NA,NA,NA,NA,NA,3.3,NA,NA,NA,NA,2.37,0.47,7.4,NA,NA,0.93,NA,NA,NA,NA,0.95,0.39,0,0.19,NA,0.39,NA,0.39,1.93,0.96,0,0.19,0,39.27
93,9,20,2.44,NA,NA,NA,NA,NA,NA,NA,NA,NA,NA,NA,NA,NA,NA,NA,NA,NA,NA,NA,NA,NA,NA,NA,NA,NA,NA,NA,NA,NA,NA,NA,NA,NA,NA,NA,NA,6.56,NA,NA,NA,NA,3.3,4.88,3.45,NA,NA,2.4,NA,NA,NA,NA,0.39,2.25,0.19,0,NA,1.75,NA,0,NA,0,0.58,0.78,0,39.27
93,9,21,0.99,NA,NA,NA,NA,NA,NA,NA,NA,NA,NA,NA,NA,NA,NA,NA,NA,NA,NA,NA,NA,NA,NA,NA,NA,NA,NA,NA,NA,NA,NA,NA,NA,NA,NA,NA,NA,NA,NA,NA,NA,NA,2.81,1.27,3.02,NA,NA,1.33,NA,NA,NA,NA,1.73,0.95,0.19,0,NA,0.57,NA,0.19,NA,NA,0.39,0.19,0.19,39.46
93,9,22,NA,NA,NA,NA,NA,NA,NA,NA,NA,NA,NA,NA,NA,NA,NA,NA,NA,NA,NA,NA,NA,NA,NA,NA,NA,NA,NA,NA,NA,NA,NA,NA,NA,NA,NA,NA,NA,NA,NA,NA,NA,NA,1.9,3.28,1.94,NA,NA,1.81,NA,NA,NA,NA,0.39,4.71,0,0,NA,NA,NA,0.19,NA,NA,0,0.39,0,39.46
94,9,23,NA,NA,NA,NA,NA,NA,NA,NA,NA,NA,NA,NA,NA,NA,NA,NA,NA,NA,NA,NA,NA,NA,NA,NA,NA,NA,NA,NA,NA,NA,NA,NA,NA,NA,NA,NA,NA,NA,NA,NA,NA,NA,1.44,1.42,2.74,NA,NA,0.92,NA,NA,NA,NA,0.19,0.38,0.58,0.54,NA,NA,NA,0,NA,NA,0,0.39,0,39.46
94,9,24,NA,NA,NA,NA,NA,NA,NA,NA,NA,NA,NA,NA,NA,NA,NA,NA,NA,NA,NA,NA,NA,NA,NA,NA,NA,NA,NA,NA,NA,NA,NA,NA,NA,NA,NA,NA,NA,NA,NA,NA,NA,NA,2.86,6.46,1.44,NA,NA,0.37,NA,NA,NA,NA,0.58,0.38,1.14,0,NA,NA,NA,0,NA,NA,0,0.58,0.39,39.85
94,9,25,NA,NA,NA,NA,NA,NA,NA,NA,NA,NA,NA,NA,NA,NA,NA,NA,NA,NA,NA,NA,NA,NA,NA,NA,NA,NA,NA,NA,NA,NA,NA,NA,NA,NA,NA,NA,NA,NA,NA,NA,NA,NA,3.84,2.39,1.41,NA,NA,1.45,NA,NA,NA,NA,0.38,NA,NA,NA,NA,NA,NA,NA,NA,NA,NA,0.19,0.58,40.43
94,9,26,NA,NA,NA,NA,NA,NA,NA,NA,NA,NA,NA,NA,NA,NA,NA,NA,NA,NA,NA,NA,NA,NA,NA,NA,NA,NA,NA,NA,NA,NA,NA,NA,NA,NA,NA,NA,NA,NA,NA,NA,NA,NA,1.44,6.52,0,NA,NA,NA,NA,NA,NA,NA,0.58,NA,NA,NA,NA,NA,NA,NA,NA,NA,NA,0,0.39,40.82
94,9,27,NA,NA,NA,NA,NA,NA,NA,NA,NA,NA,NA,NA,NA,NA,NA,NA,NA,NA,NA,NA,NA,NA,NA,NA,NA,NA,NA,NA,NA,NA,NA,NA,NA,NA,NA,NA,NA,NA,NA,NA,NA,NA,3.32,5.18,0,NA,NA,NA,NA,NA,NA,NA,0.39,NA,NA,NA,NA,NA,NA,NA,NA,NA,NA,NA,NA,NA
94,9,28,NA,NA,NA,NA,NA,NA,NA,NA,NA,NA,NA,NA,NA,NA,NA,NA,NA,NA,NA,NA,NA,NA,NA,NA,NA,NA,NA,NA,NA,NA,NA,NA,NA,NA,NA,NA,NA,NA,NA,NA,NA,NA,1.92,3.61,0.91,NA,NA,NA,NA,NA,NA,NA,0,NA,NA,NA,NA,NA,NA,NA,NA,NA,NA,NA,NA,NA
94,9,29,NA,NA,NA,NA,NA,NA,NA,NA,NA,NA,NA,NA,NA,NA,NA,NA,NA,NA,NA,NA,NA,NA,NA,NA,NA,NA,NA,NA,NA,NA,NA,NA,NA,NA,NA,NA,NA,NA,NA,NA,NA,NA,0.48,0.93,0,NA,NA,NA,NA,NA,NA,NA,NA,NA,NA,NA,NA,NA,NA,NA,NA,NA,NA,NA,NA,NA
101,9,30,NA,NA,NA,NA,NA,NA,NA,NA,NA,NA,NA,NA,NA,NA,NA,NA,NA,NA,NA,NA,NA,NA,NA,NA,NA,NA,NA,NA,NA,NA,NA,NA,NA,NA,NA,NA,NA,NA,NA,NA,NA,NA,0,2.77,3.72,NA,NA,NA,NA,NA,NA,NA,NA,NA,NA,NA,NA,NA,NA,NA,NA,NA,NA,NA,NA,NA
101,10,1,NA,NA,NA,NA,NA,NA,NA,NA,NA,NA,NA,NA,NA,NA,NA,NA,NA,NA,NA,NA,NA,NA,NA,NA,NA,NA,NA,NA,NA,NA,NA,NA,NA,NA,NA,NA,NA,NA,NA,NA,NA,NA,2.53,0.31,2.35,NA,NA,NA,NA,NA,NA,NA,NA,NA,NA,NA,NA,NA,NA,NA,NA,NA,NA,NA,NA,NA
101,10,2,NA,NA,NA,NA,NA,NA,NA,NA,NA,NA,NA,NA,NA,NA,NA,NA,NA,NA,NA,NA,NA,NA,NA,NA,NA,NA,NA,NA,NA,NA,NA,NA,NA,NA,NA,NA,NA,NA,NA,NA,NA,NA,2.33,0.47,4.1,NA,NA,NA,NA,NA,NA,NA,NA,NA,NA,NA,NA,NA,NA,NA,NA,NA,NA,NA,NA,NA
101,10,3,NA,NA,NA,NA,NA,NA,NA,NA,NA,NA,NA,NA,NA,NA,NA,NA,NA,NA,NA,NA,NA,NA,NA,NA,NA,NA,NA,NA,NA,NA,NA,NA,NA,NA,NA,NA,NA,NA,NA,NA,NA,NA,3.34,1.84,4.69,NA,NA,NA,NA,NA,NA,NA,NA,NA,NA,NA,NA,NA,NA,NA,NA,NA,NA,NA,NA,NA
101,10,4,NA,NA,NA,NA,NA,NA,NA,NA,NA,NA,NA,NA,NA,NA,NA,NA,NA,NA,NA,NA,NA,NA,NA,NA,NA,NA,NA,NA,NA,NA,NA,NA,NA,NA,NA,NA,NA,NA,NA,NA,NA,NA,1.92,2.75,1.38,NA,NA,NA,NA,NA,NA,NA,NA,NA,NA,NA,NA,NA,NA,NA,NA,NA,NA,NA,NA,NA
101,10,5,NA,NA,NA,NA,NA,NA,NA,NA,NA,NA,NA,NA,NA,NA,NA,NA,NA,NA,NA,NA,NA,NA,NA,NA,NA,NA,NA,NA,NA,NA,NA,NA,NA,NA,NA,NA,NA,NA,NA,NA,NA,NA,0.5,NA,0,NA,NA,NA,NA,NA,NA,NA,NA,NA,NA,NA,NA,NA,NA,NA,NA,NA,NA,NA,NA,NA
101,10,6,NA,NA,NA,NA,NA,NA,NA,NA,NA,NA,NA,NA,NA,NA,NA,NA,NA,NA,NA,NA,NA,NA,NA,NA,NA,NA,NA,NA,NA,NA,NA,NA,NA,NA,NA,NA,NA,NA,NA,NA,NA,NA,1.35,NA,0,NA,NA,NA,NA,NA,NA,NA,NA,NA,NA,NA,NA,NA,NA,NA,NA,NA,NA,NA,NA,NA
102,10,7,NA,NA,NA,NA,NA,NA,NA,NA,NA,NA,NA,NA,NA,NA,NA,NA,NA,NA,NA,NA,NA,NA,NA,NA,NA,NA,NA,NA,NA,NA,NA,NA,NA,NA,NA,NA,NA,NA,NA,NA,NA,NA,2.73,NA,0,NA,NA,NA,NA,NA,NA,NA,NA,NA,NA,NA,NA,NA,NA,NA,NA,NA,NA,NA,NA,NA
102,10,8,NA,NA,NA,NA,NA,NA,NA,NA,NA,NA,NA,NA,NA,NA,NA,NA,NA,NA,NA,NA,NA,NA,NA,NA,NA,NA,NA,NA,NA,NA,NA,NA,NA,NA,NA,NA,NA,NA,NA,NA,NA,NA,NA,NA,0.47,NA,NA,NA,NA,NA,NA,NA,NA,NA,NA,NA,NA,NA,NA,NA,NA,NA,NA,NA,NA,NA
102,10,9,NA,NA,NA,NA,NA,NA,NA,NA,NA,NA,NA,NA,NA,NA,NA,NA,NA,NA,NA,NA,NA,NA,NA,NA,NA,NA,NA,NA,NA,NA,NA,NA,NA,NA,NA,NA,NA,NA,NA,NA,NA,NA,NA,NA,1.86,NA,NA,NA,NA,NA,NA,NA,NA,NA,NA,NA,NA,NA,NA,NA,NA,NA,NA,NA,NA,NA
102,10,10,NA,NA,NA,NA,NA,NA,NA,NA,NA,NA,NA,NA,NA,NA,NA,NA,NA,NA,NA,NA,NA,NA,NA,NA,NA,NA,NA,NA,NA,NA,NA,NA,NA,NA,NA,NA,NA,NA,NA,NA,NA,NA,NA,NA,0.47,NA,NA,NA,NA,NA,NA,NA,NA,NA,NA,NA,NA,NA,NA,NA,NA,NA,NA,NA,NA,NA
102,10,11,NA,NA,NA,NA,NA,NA,NA,NA,NA,NA,NA,NA,NA,NA,NA,NA,NA,NA,NA,NA,NA,NA,NA,NA,NA,NA,NA,NA,NA,NA,NA,NA,NA,NA,NA,NA,NA,NA,NA,NA,NA,NA,NA,NA,0.94,NA,NA,NA,NA,NA,NA,NA,NA,NA,NA,NA,NA,NA,NA,NA,NA,NA,NA,NA,NA,NA
102,10,12,NA,NA,NA,NA,NA,NA,NA,NA,NA,NA,NA,NA,NA,NA,NA,NA,NA,NA,NA,NA,NA,NA,NA,NA,NA,NA,NA,NA,NA,NA,NA,NA,NA,NA,NA,NA,NA,NA,NA,NA,NA,NA,NA,NA,0.94,NA,NA,NA,NA,NA,NA,NA,NA,NA,NA,NA,NA,NA,NA,NA,NA,NA,NA,NA,NA,NA
